player,team,link
Virat Kohli,India,https://www.cricbuzz.com/profiles/1413/virat-kohli
Rohit Sharma,India,https://www.cricbuzz.com/profiles/576/rohit-sharma
Shikhar Dhawan,India,https://www.cricbuzz.com/profiles/1446/shikhar-dhawan
Shubman Gill,India,https://www.cricbuzz.com/profiles/11808/shubman-gill
Shreyas Iyer,India,https://www.cricbuzz.com/profiles/9428/shreyas-iyer
Manish Pandey,India,https://www.cricbuzz.com/profiles/1836/manish-pandey
Mayank Agarwal,India,https://www.cricbuzz.com/profiles/2195/mayank-agarwal
Prithvi Shaw,India,https://www.cricbuzz.com/profiles/12094/prithvi-shaw
Cheteshwar Pujara,India,https://www.cricbuzz.com/profiles/1448/cheteshwar-pujara
Ajinkya Rahane,India,https://www.cricbuzz.com/profiles/1447/ajinkya-rahane
Hardik Pandya,India,https://www.cricbuzz.com/profiles/9647/hardik-pandya
Hanuma Vihari,India,https://www.cricbuzz.com/profiles/8424/hanuma-vihari
Ravindra Jadeja,India,https://www.cricbuzz.com/profiles/587/ravindra-jadeja
Ravichandran Ashwin,India,https://www.cricbuzz.com/profiles/1593/ravichandran-ashwin
KL Rahul,India,https://www.cricbuzz.com/profiles/8733/kl-rahul
Sanju Samson,India,https://www.cricbuzz.com/profiles/8271/sanju-samson
Wriddhiman Saha,India,https://www.cricbuzz.com/profiles/1465/wriddhiman-saha
Rishabh Pant,India,https://www.cricbuzz.com/profiles/10744/rishabh-pant
Mohammed Shami,India,https://www.cricbuzz.com/profiles/7909/mohammed-shami
Jasprit Bumrah,India,https://www.cricbuzz.com/profiles/9311/jasprit-bumrah
Kuldeep Yadav,India,https://www.cricbuzz.com/profiles/8292/kuldeep-yadav
Yuzvendra Chahal,India,https://www.cricbuzz.com/profiles/7910/yuzvendra-chahal
Navdeep Saini,India,https://www.cricbuzz.com/profiles/9715/navdeep-saini
Shardul Thakur,India,https://www.cricbuzz.com/profiles/8683/shardul-thakur
Umesh Yadav,India,https://www.cricbuzz.com/profiles/1858/umesh-yadav
Mohammed Siraj,India,https://www.cricbuzz.com/profiles/10808/mohammed-siraj
William Porterfield,Ireland,https://www.cricbuzz.com/profiles/625/william-porterfield
James McCollum,Ireland,https://www.cricbuzz.com/profiles/13942/james-mccollum
Andrew Balbirnie,Ireland,https://www.cricbuzz.com/profiles/6710/andrew-balbirnie
Tyrone Kane,Ireland,https://www.cricbuzz.com/profiles/10415/tyrone-kane
Kevin O Brien,Ireland,https://www.cricbuzz.com/profiles/690/kevin-o-brien
Paul Stirling,Ireland,https://www.cricbuzz.com/profiles/1114/paul-stirling
Stuart Thompson,Ireland,https://www.cricbuzz.com/profiles/7985/stuart-thompson
Gary Wilson,Ireland,https://www.cricbuzz.com/profiles/739/gary-wilson
Lorcan Tucker,Ireland,https://www.cricbuzz.com/profiles/11131/lorcan-tucker
Peter Chase,Ireland,https://www.cricbuzz.com/profiles/10099/peter-chase
George Dockrell,Ireland,https://www.cricbuzz.com/profiles/6329/george-dockrell
Tim Murtagh,Ireland,https://www.cricbuzz.com/profiles/6661/tim-murtagh
Mark Adair,Ireland,https://www.cricbuzz.com/profiles/10449/mark-adair
Andy McBrine,Ireland,https://www.cricbuzz.com/profiles/9667/andy-mcbrine
Barry McCarthy,Ireland,https://www.cricbuzz.com/profiles/10451/barry-mccarthy
Boyd Rankin,Ireland,https://www.cricbuzz.com/profiles/626/boyd-rankin
Aaron Finch,Australia,https://www.cricbuzz.com/profiles/1643/aaron-finch
Steven Smith,Australia,https://www.cricbuzz.com/profiles/2250/steven-smith
David Warner,Australia,https://www.cricbuzz.com/profiles/1739/david-warner
Joe Burns,Australia,https://www.cricbuzz.com/profiles/8121/joe-burns
Will Pucovski,Australia,https://www.cricbuzz.com/profiles/12228/will-pucovski
Glenn Maxwell,Australia,https://www.cricbuzz.com/profiles/7662/glenn-maxwell
Marcus Stoinis,Australia,https://www.cricbuzz.com/profiles/8989/marcus-stoinis
Moises Henriques,Australia,https://www.cricbuzz.com/profiles/1437/moises-henriques
Marnus Labuschagne,Australia,https://www.cricbuzz.com/profiles/10182/marnus-labuschagne
Travis Head,Australia,https://www.cricbuzz.com/profiles/8497/travis-head
Michael Neser,Australia,https://www.cricbuzz.com/profiles/8130/michael-neser
Ashton Agar,Australia,https://www.cricbuzz.com/profiles/8508/ashton-agar
Cameron Green,Australia,https://www.cricbuzz.com/profiles/12225/cameron-green
Daniel Sams,Australia,https://www.cricbuzz.com/profiles/13162/daniel-sams
Sean Abbott,Australia,https://www.cricbuzz.com/profiles/8136/sean-abbott
Alex Carey,Australia,https://www.cricbuzz.com/profiles/9200/alex-carey
Matthew Wade,Australia,https://www.cricbuzz.com/profiles/1649/matthew-wade
Tim Paine,Australia,https://www.cricbuzz.com/profiles/1994/tim-paine
Pat Cummins,Australia,https://www.cricbuzz.com/profiles/8095/pat-cummins
Nathan Lyon,Australia,https://www.cricbuzz.com/profiles/7850/nathan-lyon
Mitchell Starc,Australia,https://www.cricbuzz.com/profiles/7710/mitchell-starc
Adam Zampa,Australia,https://www.cricbuzz.com/profiles/8642/adam-zampa
Josh Hazlewood,Australia,https://www.cricbuzz.com/profiles/6258/josh-hazlewood
Andrew Tye,Australia,https://www.cricbuzz.com/profiles/9617/andrew-tye
James Pattinson,Australia,https://www.cricbuzz.com/profiles/2283/james-pattinson
Mitchell Swepson,Australia,https://www.cricbuzz.com/profiles/10626/mitchell-swepson
Tamim Iqbal,Bangladesh,https://www.cricbuzz.com/profiles/612/tamim-iqbal
Soumya Sarkar,Bangladesh,https://www.cricbuzz.com/profiles/8233/soumya-sarkar
Sabbir Rahman,Bangladesh,https://www.cricbuzz.com/profiles/8231/sabbir-rahman
Mahmudullah,Bangladesh,https://www.cricbuzz.com/profiles/1121/mahmudullah
Shakib Al Hasan,Bangladesh,https://www.cricbuzz.com/profiles/544/shakib-al-hasan
Mosaddek Hossain,Bangladesh,https://www.cricbuzz.com/profiles/8541/mosaddek-hossain
Mohammad Saifuddin,Bangladesh,https://www.cricbuzz.com/profiles/11084/mohammad-saifuddin
Mehidy Hasan Miraz,Bangladesh,https://www.cricbuzz.com/profiles/11081/mehidy-hasan-miraz
Mushfiqur Rahim,Bangladesh,https://www.cricbuzz.com/profiles/394/mushfiqur-rahim
Litton Das,Bangladesh,https://www.cricbuzz.com/profiles/8540/litton-das
Mohammad Mithun,Bangladesh,https://www.cricbuzz.com/profiles/8221/mohammad-mithun
Mashrafe Mortaza,Bangladesh,https://www.cricbuzz.com/profiles/323/mashrafe-mortaza
Rubel Hossain,Bangladesh,https://www.cricbuzz.com/profiles/1736/rubel-hossain
Mustafizur Rahman,Bangladesh,https://www.cricbuzz.com/profiles/9863/mustafizur-rahman
Abu Jayed,Bangladesh,https://www.cricbuzz.com/profiles/8536/abu-jayed
Darren Bravo,West Indies,https://www.cricbuzz.com/profiles/1610/darren-bravo
Chris Gayle,West Indies,https://www.cricbuzz.com/profiles/247/chris-gayle
Evin Lewis,West Indies,https://www.cricbuzz.com/profiles/8579/evin-lewis
Shimron Hetmyer,West Indies,https://www.cricbuzz.com/profiles/9789/shimron-hetmyer
Fabian Allen,West Indies,https://www.cricbuzz.com/profiles/9785/fabian-allen
Jason Holder,West Indies,https://www.cricbuzz.com/profiles/8313/jason-holder
Andre Russell,West Indies,https://www.cricbuzz.com/profiles/7736/andre-russell
Carlos Brathwaite,West Indies,https://www.cricbuzz.com/profiles/8110/carlos-brathwaite
Shai Hope,West Indies,https://www.cricbuzz.com/profiles/10384/shai-hope
Nicholas Pooran,West Indies,https://www.cricbuzz.com/profiles/9406/nicholas-pooran
Sheldon Cottrell,West Indies,https://www.cricbuzz.com/profiles/9395/sheldon-cottrell
Shannon Gabriel,West Indies,https://www.cricbuzz.com/profiles/8092/shannon-gabriel
Kemar Roach,West Indies,https://www.cricbuzz.com/profiles/1359/kemar-roach
Ashley Nurse,West Indies,https://www.cricbuzz.com/profiles/7922/ashley-nurse
Oshane Thomas,West Indies,https://www.cricbuzz.com/profiles/11442/oshane-thomas
Craig Ervine,Zimbabwe,https://www.cricbuzz.com/profiles/6334/craig-ervine
Hamilton Masakadza,Zimbabwe,https://www.cricbuzz.com/profiles/425/hamilton-masakadza
Sikandar Raza,Zimbabwe,https://www.cricbuzz.com/profiles/9354/sikandar-raza
Sean Williams,Zimbabwe,https://www.cricbuzz.com/profiles/441/sean-williams
Solomon Mire,Zimbabwe,https://www.cricbuzz.com/profiles/9737/solomon-mire
Brian Chari,Zimbabwe,https://www.cricbuzz.com/profiles/10168/brian-chari
Timycen Maruma,Zimbabwe,https://www.cricbuzz.com/profiles/782/timycen-maruma
Elton Chigumbura,Zimbabwe,https://www.cricbuzz.com/profiles/170/elton-chigumbura
Regis Chakabva,Zimbabwe,https://www.cricbuzz.com/profiles/781/regis-chakabva
Brendan Taylor,Zimbabwe,https://www.cricbuzz.com/profiles/180/brendan-taylor
Peter Moor,Zimbabwe,https://www.cricbuzz.com/profiles/10195/peter-moor
Tendai Chatara,Zimbabwe,https://www.cricbuzz.com/profiles/6483/tendai-chatara
Donald Tiripano,Zimbabwe,https://www.cricbuzz.com/profiles/10066/donald-tiripano
Chris Mpofu,Zimbabwe,https://www.cricbuzz.com/profiles/428/chris-mpofu
Kyle Jarvis,Zimbabwe,https://www.cricbuzz.com/profiles/2289/kyle-jarvis
Brandon Mavuta,Zimbabwe,https://www.cricbuzz.com/profiles/11224/brandon-mavuta
Kila Pala,Papua New Guinea,https://www.cricbuzz.com/profiles/10113/kila-pala
Charles Amini,Papua New Guinea,https://www.cricbuzz.com/profiles/10428/charles-amini
Mahuru Dai,Papua New Guinea,https://www.cricbuzz.com/profiles/10191/mahuru-dai
Vani Morea,Papua New Guinea,https://www.cricbuzz.com/profiles/10118/vani-morea
Lega Siaka,Papua New Guinea,https://www.cricbuzz.com/profiles/8467/lega-siaka
Assad Vala,Papua New Guinea,https://www.cricbuzz.com/profiles/10120/assad-vala
Assad Vala,Papua New Guinea,https://www.cricbuzz.com/profiles/10120/assad-vala
Chris Amini,Papua New Guinea,https://www.cricbuzz.com/profiles/10116/chris-amini
Sese Bau,Papua New Guinea,https://www.cricbuzz.com/profiles/8470/sese-bau
Willie Gavera,Papua New Guinea,https://www.cricbuzz.com/profiles/10111/willie-gavera
Pipi Raho,Papua New Guinea,https://www.cricbuzz.com/profiles/10119/pipi-raho
John Reva,Papua New Guinea,https://www.cricbuzz.com/profiles/10114/john-reva
Norman Vanua,Papua New Guinea,https://www.cricbuzz.com/profiles/8480/norman-vanua
Dogodo Bau,Papua New Guinea,https://www.cricbuzz.com/profiles/8469/dogodo-bau
Geraint Jones,Papua New Guinea,https://www.cricbuzz.com/profiles/165/geraint-jones
Tony Ura,Papua New Guinea,https://www.cricbuzz.com/profiles/10115/tony-ura
Jack Vare,Papua New Guinea,https://www.cricbuzz.com/profiles/10121/jack-vare
Hiri Hiri,Papua New Guinea,https://www.cricbuzz.com/profiles/9906/hiri-hiri
Loa Nou,Papua New Guinea,https://www.cricbuzz.com/profiles/10425/loa-nou
Nosaina Pokana,Papua New Guinea,https://www.cricbuzz.com/profiles/9910/nosaina-pokana
Chad Soper,Papua New Guinea,https://www.cricbuzz.com/profiles/8477/chad-soper
Jatinder Singh,Oman,https://www.cricbuzz.com/profiles/10453/jatinder-singh
Arun Poulose,Oman,https://www.cricbuzz.com/profiles/10454/arun-poulose
Vaibhav Wategaonkar,Oman,https://www.cricbuzz.com/profiles/10455/vaibhav-wategaonkar
Zeeshan Siddiqui,Oman,https://www.cricbuzz.com/profiles/10456/zeeshan-siddiqui
Zeeshan Maqsood,Oman,https://www.cricbuzz.com/profiles/10466/zeeshan-maqsood
Amir Ali,Oman,https://www.cricbuzz.com/profiles/10452/amir-ali
Khawar Ali,Oman,https://www.cricbuzz.com/profiles/10467/khawar-ali
Mehran Khan,Oman,https://www.cricbuzz.com/profiles/10464/mehran-khan
Twinkal Bhandari,Oman,https://www.cricbuzz.com/profiles/11833/twinkal-bhandari
Ajay Lalcheta,Oman,https://www.cricbuzz.com/profiles/10458/ajay-lalcheta
Sufyan Mehmood,Oman,https://www.cricbuzz.com/profiles/10461/sufyan-mehmood
Rajeshkumar Ranpura,Oman,https://www.cricbuzz.com/profiles/10460/rajeshkumar-ranpura
Munis Ansari,Oman,https://www.cricbuzz.com/profiles/10457/munis-ansari
Mohammad Nadeem,Oman,https://www.cricbuzz.com/profiles/10459/mohammad-nadeem
Swapnil Khadye,Oman,https://www.cricbuzz.com/profiles/10821/swapnil-khadye
Trevin Bastiampillai,Canada,https://www.cricbuzz.com/profiles/815/trevin-bastiampillai
Tyson Gordon,Canada,https://www.cricbuzz.com/profiles/7852/tyson-gordon
Ruvindu Gunasekera,Canada,https://www.cricbuzz.com/profiles/1422/ruvindu-gunasekera
Jimmy Hansra,Canada,https://www.cricbuzz.com/profiles/7676/jimmy-hansra
Junaid Siddique,Canada,https://www.cricbuzz.com/profiles/784/junaid-siddique
Nitish Kumar,Canada,https://www.cricbuzz.com/profiles/6474/nitish-kumar
Hiral Patel,Canada,https://www.cricbuzz.com/profiles/3289/hiral-patel
Rizwan Cheema,Canada,https://www.cricbuzz.com/profiles/1426/rizwan-cheema
Durand Soraine,Canada,https://www.cricbuzz.com/profiles/823/durand-soraine
Zubin Surkari,Canada,https://www.cricbuzz.com/profiles/1432/zubin-surkari
Usman Limbada,Canada,https://www.cricbuzz.com/profiles/6475/usman-limbada
Harvir Baidwan,Canada,https://www.cricbuzz.com/profiles/1419/harvir-baidwan
Damodar Daesrat,Canada,https://www.cricbuzz.com/profiles/8377/damodar-daesrat
Raza-ur-Rehman,Canada,https://www.cricbuzz.com/profiles/8256/raza-ur-rehman
Ashish Bagai,Canada,https://www.cricbuzz.com/profiles/676/ashish-bagai
R A Bhatti,Canada,https://www.cricbuzz.com/profiles/8033/r-a-bhatti
Hamza Tariq,Canada,https://www.cricbuzz.com/profiles/7675/hamza-tariq
Darren Ramsammy,Canada,https://www.cricbuzz.com/profiles/8379/darren-ramsammy
Zeeshan Siddiqi,Canada,https://www.cricbuzz.com/profiles/8027/zeeshan-siddiqi
Manny Aulakh,Canada,https://www.cricbuzz.com/profiles/8100/manny-aulakh
Abzal Dean,Canada,https://www.cricbuzz.com/profiles/1478/abzal-dean
Parth Desai,Canada,https://www.cricbuzz.com/profiles/7674/parth-desai
Nikhil Dutta,Canada,https://www.cricbuzz.com/profiles/9230/nikhil-dutta
Jeremy Gordon,Canada,https://www.cricbuzz.com/profiles/8378/jeremy-gordon
Kenneth Kamyuka,Canada,https://www.cricbuzz.com/profiles/9549/kenneth-kamyuka
Khurram Chohan,Canada,https://www.cricbuzz.com/profiles/3285/khurram-chohan
Henry Osinde,Canada,https://www.cricbuzz.com/profiles/686/henry-osinde
Rayyan Pathan,Canada,https://www.cricbuzz.com/profiles/9229/rayyan-pathan
John Davison,Canada,https://www.cricbuzz.com/profiles/675/john-davison
Zahid Hussain,Canada,https://www.cricbuzz.com/profiles/8026/zahid-hussain
Babar Hayat,Hong Kong,https://www.cricbuzz.com/profiles/9979/babar-hayat
Waqas Khan,Hong Kong,https://www.cricbuzz.com/profiles/10208/waqas-khan
Kinchit Shah,Hong Kong,https://www.cricbuzz.com/profiles/9981/kinchit-shah
Aizaz Khan,Hong Kong,https://www.cricbuzz.com/profiles/9975/aizaz-khan
Nizakat Khan,Hong Kong,https://www.cricbuzz.com/profiles/9980/nizakat-khan
Tanwir Afzal,Hong Kong,https://www.cricbuzz.com/profiles/9982/tanwir-afzal
Anshuman Rath,Hong Kong,https://www.cricbuzz.com/profiles/10035/anshuman-rath
Jamie Atkinson,Hong Kong,https://www.cricbuzz.com/profiles/1378/jamie-atkinson
Christopher Carter,Hong Kong,https://www.cricbuzz.com/profiles/10793/christopher-carter
Shahid Wasif,Hong Kong,https://www.cricbuzz.com/profiles/11479/shahid-wasif
Ehsan Khan,Hong Kong,https://www.cricbuzz.com/profiles/11485/ehsan-khan
Nadeem Ahmed,Hong Kong,https://www.cricbuzz.com/profiles/1385/nadeem-ahmed
Tanveer Ahmed,Hong Kong,https://www.cricbuzz.com/profiles/11342/tanveer-ahmed
Aijaz Ali,United States,https://www.cricbuzz.com/profiles/3374/aijaz-ali
Rohan Alexander,United States,https://www.cricbuzz.com/profiles/3375/rohan-alexander
Donovan Blake,United States,https://www.cricbuzz.com/profiles/3385/donovan-blake
Jignesh Desai,United States,https://www.cricbuzz.com/profiles/3376/jignesh-desai
Howard Johnson,United States,https://www.cricbuzz.com/profiles/3377/howard-johnson
Mark Johnson,United States,https://www.cricbuzz.com/profiles/3378/mark-johnson
Clayton Lambert,United States,https://www.cricbuzz.com/profiles/3379/clayton-lambert
Steve Massiah,United States,https://www.cricbuzz.com/profiles/3380/steve-massiah
Nasir Javed,United States,https://www.cricbuzz.com/profiles/3386/nasir-javed
Rashid,United States,https://www.cricbuzz.com/profiles/3381/rashid
Tony Reid,United States,https://www.cricbuzz.com/profiles/3382/tony-reid
Leon Romero,United States,https://www.cricbuzz.com/profiles/3383/leon-romero
Richard Staple,United States,https://www.cricbuzz.com/profiles/3384/richard-staple
Tom Cooper,Netherlands,https://www.cricbuzz.com/profiles/6708/tom-cooper
Tom de Grooth,Netherlands,https://www.cricbuzz.com/profiles/1409/tom-de-grooth
Wilfred Diepeveen,Netherlands,https://www.cricbuzz.com/profiles/7609/wilfred-diepeveen
Tim Gruijters,Netherlands,https://www.cricbuzz.com/profiles/6477/tim-gruijters
Alexei Kervezee,Netherlands,https://www.cricbuzz.com/profiles/634/alexei-kervezee
Neil Kruger,Netherlands,https://www.cricbuzz.com/profiles/7960/neil-kruger
Stephan Myburgh,Netherlands,https://www.cricbuzz.com/profiles/8073/stephan-myburgh
Sikander Zulfiqar,Netherlands,https://www.cricbuzz.com/profiles/11330/sikander-zulfiqar
Michael Swart,Netherlands,https://www.cricbuzz.com/profiles/7962/michael-swart
Peter Borren,Netherlands,https://www.cricbuzz.com/profiles/631/peter-borren
Max ODowd,Netherlands,https://www.cricbuzz.com/profiles/10424/max-odowd
Vinoo Tewarie,Netherlands,https://www.cricbuzz.com/profiles/7969/vinoo-tewarie
Daan van Bunge,Netherlands,https://www.cricbuzz.com/profiles/641/daan-van-bunge
Ben Cooper,Netherlands,https://www.cricbuzz.com/profiles/9532/ben-cooper
Tom Heggelman,Netherlands,https://www.cricbuzz.com/profiles/7610/tom-heggelman
Michael Rippon,Netherlands,https://www.cricbuzz.com/profiles/8098/michael-rippon
Pieter Seelaar,Netherlands,https://www.cricbuzz.com/profiles/1412/pieter-seelaar
Timm van der Gugten,Netherlands,https://www.cricbuzz.com/profiles/7801/timm-van-der-gugten
Roelof van der Merwe,Netherlands,https://www.cricbuzz.com/profiles/1669/roelof-van-der-merwe
Rahil Ahmed,Netherlands,https://www.cricbuzz.com/profiles/10423/rahil-ahmed
Wesley Barresi,Netherlands,https://www.cricbuzz.com/profiles/6707/wesley-barresi
Tobias Visee,Netherlands,https://www.cricbuzz.com/profiles/10429/tobias-visee
Ahsan Malik,Netherlands,https://www.cricbuzz.com/profiles/7964/ahsan-malik
Mudassar Bukhari,Netherlands,https://www.cricbuzz.com/profiles/1408/mudassar-bukhari
Vivian Kingma,Netherlands,https://www.cricbuzz.com/profiles/9391/vivian-kingma
Logan van Beek,Netherlands,https://www.cricbuzz.com/profiles/9983/logan-van-beek
Paul van Meekeren,Netherlands,https://www.cricbuzz.com/profiles/9357/paul-van-meekeren
Thijs van Schelven,Netherlands,https://www.cricbuzz.com/profiles/10125/thijs-van-schelven
Edgar Schiferli,Netherlands,https://www.cricbuzz.com/profiles/692/edgar-schiferli
Eric Gouka,Netherlands,https://www.cricbuzz.com/profiles/3298/eric-gouka
Asghar Afghan,Afghanistan,https://www.cricbuzz.com/profiles/3004/asghar-afghan
Hashmatullah Shahidi,Afghanistan,https://www.cricbuzz.com/profiles/8277/hashmatullah-shahidi
Hazratullah Zazai,Afghanistan,https://www.cricbuzz.com/profiles/12068/hazratullah-zazai
Najibullah Zadran,Afghanistan,https://www.cricbuzz.com/profiles/8375/najibullah-zadran
Noor Ali Zadran,Afghanistan,https://www.cricbuzz.com/profiles/3010/noor-ali-zadran
Rahmat Shah,Afghanistan,https://www.cricbuzz.com/profiles/8571/rahmat-shah
Samiullah Shinwari,Afghanistan,https://www.cricbuzz.com/profiles/3011/samiullah-shinwari
Gulbadin Naib,Afghanistan,https://www.cricbuzz.com/profiles/8030/gulbadin-naib
Mohammad Nabi,Afghanistan,https://www.cricbuzz.com/profiles/3007/mohammad-nabi
Rashid Khan,Afghanistan,https://www.cricbuzz.com/profiles/10738/rashid-khan
Mohammad Shahzad,Afghanistan,https://www.cricbuzz.com/profiles/3014/mohammad-shahzad
Aftab Alam,Afghanistan,https://www.cricbuzz.com/profiles/6476/aftab-alam
Dawlat Zadran,Afghanistan,https://www.cricbuzz.com/profiles/8029/dawlat-zadran
Hamid Hassan,Afghanistan,https://www.cricbuzz.com/profiles/3001/hamid-hassan
Mujeeb Ur Rahman,Afghanistan,https://www.cricbuzz.com/profiles/12071/mujeeb-ur-rahman
Fakhar Zaman,Pakistan,https://www.cricbuzz.com/profiles/10863/fakhar-zaman
Imam-ul-Haq,Pakistan,https://www.cricbuzz.com/profiles/8364/imam-ul-haq
Babar Azam,Pakistan,https://www.cricbuzz.com/profiles/8359/babar-azam
Asif Ali,Pakistan,https://www.cricbuzz.com/profiles/9565/asif-ali
Haris Sohail,Pakistan,https://www.cricbuzz.com/profiles/8299/haris-sohail
Mohammad Hafeez,Pakistan,https://www.cricbuzz.com/profiles/360/mohammad-hafeez
Shoaib Malik,Pakistan,https://www.cricbuzz.com/profiles/33/shoaib-malik
Shadab Khan,Pakistan,https://www.cricbuzz.com/profiles/11186/shadab-khan
Imad Wasim,Pakistan,https://www.cricbuzz.com/profiles/10408/imad-wasim
Sarfaraz Ahmed,Pakistan,https://www.cricbuzz.com/profiles/881/sarfaraz-ahmed
Wahab Riaz,Pakistan,https://www.cricbuzz.com/profiles/1051/wahab-riaz
Shaheen Afridi,Pakistan,https://www.cricbuzz.com/profiles/12160/shaheen-afridi
Hasan Ali,Pakistan,https://www.cricbuzz.com/profiles/11320/hasan-ali
Mohammad Hasnain,Pakistan,https://www.cricbuzz.com/profiles/14248/mohammad-hasnain
Mohammad Amir,Pakistan,https://www.cricbuzz.com/profiles/1917/mohammad-amir
Lahiru Thirimanne,Sri Lanka,https://www.cricbuzz.com/profiles/6243/lahiru-thirimanne
Dimuth Karunaratne,Sri Lanka,https://www.cricbuzz.com/profiles/7952/dimuth-karunaratne
Avishka Fernando,Sri Lanka,https://www.cricbuzz.com/profiles/10939/avishka-fernando
Angelo Mathews,Sri Lanka,https://www.cricbuzz.com/profiles/1629/angelo-mathews
Dhananjaya de Silva,Sri Lanka,https://www.cricbuzz.com/profiles/7872/dhananjaya-de-silva
Milinda Siriwardana,Sri Lanka,https://www.cricbuzz.com/profiles/7891/milinda-siriwardana
Thisara Perera,Sri Lanka,https://www.cricbuzz.com/profiles/2281/thisara-perera
Isuru Udana,Sri Lanka,https://www.cricbuzz.com/profiles/1920/isuru-udana
Jeevan Mendis,Sri Lanka,https://www.cricbuzz.com/profiles/6470/jeevan-mendis
Kusal Perera,Sri Lanka,https://www.cricbuzz.com/profiles/8116/kusal-perera
Kusal Mendis,Sri Lanka,https://www.cricbuzz.com/profiles/9494/kusal-mendis
Suranga Lakmal,Sri Lanka,https://www.cricbuzz.com/profiles/1785/suranga-lakmal
Lasith Malinga,Sri Lanka,https://www.cricbuzz.com/profiles/111/lasith-malinga
Jeffrey Vandersay,Sri Lanka,https://www.cricbuzz.com/profiles/10469/jeffrey-vandersay
Nuwan Pradeep,Sri Lanka,https://www.cricbuzz.com/profiles/6730/nuwan-pradeep
Eoin Morgan,England,https://www.cricbuzz.com/profiles/624/eoin-morgan
Joe Root,England,https://www.cricbuzz.com/profiles/8019/joe-root
Jason Roy,England,https://www.cricbuzz.com/profiles/6534/jason-roy
Liam Livingstone,England,https://www.cricbuzz.com/profiles/10045/liam-livingstone
Dawid Malan,England,https://www.cricbuzz.com/profiles/6660/dawid-malan
Moeen Ali,England,https://www.cricbuzz.com/profiles/6692/moeen-ali
Ben Stokes,England,https://www.cricbuzz.com/profiles/6557/ben-stokes
Chris Woakes,England,https://www.cricbuzz.com/profiles/6670/chris-woakes
Tom Curran,England,https://www.cricbuzz.com/profiles/9522/tom-curran
Lewis Gregory,England,https://www.cricbuzz.com/profiles/7854/lewis-gregory
Sam Curran,England,https://www.cricbuzz.com/profiles/10420/sam-curran
Jonny Bairstow,England,https://www.cricbuzz.com/profiles/6507/jonny-bairstow
Jos Buttler,England,https://www.cricbuzz.com/profiles/2258/jos-buttler
Sam Billings,England,https://www.cricbuzz.com/profiles/7990/sam-billings
Adil Rashid,England,https://www.cricbuzz.com/profiles/1742/adil-rashid
Mark Wood,England,https://www.cricbuzz.com/profiles/8383/mark-wood
Jofra Archer,England,https://www.cricbuzz.com/profiles/11540/jofra-archer
Olly Stone,England,https://www.cricbuzz.com/profiles/8022/olly-stone
Reece Topley,England,https://www.cricbuzz.com/profiles/8349/reece-topley
Chris Jordan,England,https://www.cricbuzz.com/profiles/6532/chris-jordan
Faf du Plessis,South Africa,https://www.cricbuzz.com/profiles/7825/faf-du-plessis
David Miller,South Africa,https://www.cricbuzz.com/profiles/6349/david-miller
Aiden Markram,South Africa,https://www.cricbuzz.com/profiles/9582/aiden-markram
Rassie van der Dussen,South Africa,https://www.cricbuzz.com/profiles/9554/rassie-van-der-dussen
Jean-Paul Duminy,South Africa,https://www.cricbuzz.com/profiles/211/jean-paul-duminy
Andile Phehlukwayo,South Africa,https://www.cricbuzz.com/profiles/9601/andile-phehlukwayo
Dwaine Pretorius,South Africa,https://www.cricbuzz.com/profiles/8651/dwaine-pretorius
Chris Morris,South Africa,https://www.cricbuzz.com/profiles/8333/chris-morris
Quinton de Kock,South Africa,https://www.cricbuzz.com/profiles/8520/quinton-de-kock
Imran Tahir,South Africa,https://www.cricbuzz.com/profiles/6667/imran-tahir
Kagiso Rabada,South Africa,https://www.cricbuzz.com/profiles/9585/kagiso-rabada
Lungi Ngidi,South Africa,https://www.cricbuzz.com/profiles/9603/lungi-ngidi
Tabraiz Shamsi,South Africa,https://www.cricbuzz.com/profiles/10173/tabraiz-shamsi
Beuran Hendricks,South Africa,https://www.cricbuzz.com/profiles/9490/beuran-hendricks
Martin Guptill,New Zealand,https://www.cricbuzz.com/profiles/1457/martin-guptill
Ross Taylor,New Zealand,https://www.cricbuzz.com/profiles/521/ross-taylor
Kane Williamson,New Zealand,https://www.cricbuzz.com/profiles/6326/kane-williamson
Henry Nicholls,New Zealand,https://www.cricbuzz.com/profiles/10694/henry-nicholls
James Neesham,New Zealand,https://www.cricbuzz.com/profiles/8983/james-neesham
Colin de Grandhomme,New Zealand,https://www.cricbuzz.com/profiles/8081/colin-de-grandhomme
Colin Munro,New Zealand,https://www.cricbuzz.com/profiles/8085/colin-munro
Mitchell Santner,New Zealand,https://www.cricbuzz.com/profiles/10100/mitchell-santner
Tom Latham,New Zealand,https://www.cricbuzz.com/profiles/8216/tom-latham
Tom Blundell,New Zealand,https://www.cricbuzz.com/profiles/10717/tom-blundell
Trent Boult,New Zealand,https://www.cricbuzz.com/profiles/8117/trent-boult
Matt Henry,New Zealand,https://www.cricbuzz.com/profiles/9067/matt-henry
Tim Southee,New Zealand,https://www.cricbuzz.com/profiles/1057/tim-southee
Ish Sodhi,New Zealand,https://www.cricbuzz.com/profiles/8561/ish-sodhi
Lockie Ferguson,New Zealand,https://www.cricbuzz.com/profiles/10692/lockie-ferguson
Naresh Bahadur Budayair,Nepal,https://www.cricbuzz.com/profiles/9962/naresh-bahadur-budayair
Rajesh Pulami,Nepal,https://www.cricbuzz.com/profiles/10204/rajesh-pulami
Gyanendra Malla,Nepal,https://www.cricbuzz.com/profiles/9966/gyanendra-malla
Anil Mandal,Nepal,https://www.cricbuzz.com/profiles/10205/anil-mandal
Sharad Vesawkar,Nepal,https://www.cricbuzz.com/profiles/9971/sharad-vesawkar
Paras Khadka,Nepal,https://www.cricbuzz.com/profiles/9958/paras-khadka
Amrit Bhattarai,Nepal,https://www.cricbuzz.com/profiles/9985/amrit-bhattarai
Shakti Gauchan,Nepal,https://www.cricbuzz.com/profiles/9963/shakti-gauchan
Avinash Karn,Nepal,https://www.cricbuzz.com/profiles/9964/avinash-karn
Basant Regmi,Nepal,https://www.cricbuzz.com/profiles/9968/basant-regmi
Sagar Pun,Nepal,https://www.cricbuzz.com/profiles/9969/sagar-pun
Pradeep Airee,Nepal,https://www.cricbuzz.com/profiles/9959/pradeep-airee
Binod Bhandari,Nepal,https://www.cricbuzz.com/profiles/9961/binod-bhandari
Subash Khakurel,Nepal,https://www.cricbuzz.com/profiles/9965/subash-khakurel
Karan KC,Nepal,https://www.cricbuzz.com/profiles/10203/karan-kc
Jitendra Mukhiya,Nepal,https://www.cricbuzz.com/profiles/9967/jitendra-mukhiya
Sompal Kami,Nepal,https://www.cricbuzz.com/profiles/9970/sompal-kami
Riaan Walters,Namibia,https://www.cricbuzz.com/profiles/7693/riaan-walters
Sarel Burger,Namibia,https://www.cricbuzz.com/profiles/7706/sarel-burger
Gerrie Snyman,Namibia,https://www.cricbuzz.com/profiles/7701/gerrie-snyman
Stefan Swanepoel,Namibia,https://www.cricbuzz.com/profiles/7694/stefan-swanepoel
Jan-Berrie Burger,Namibia,https://www.cricbuzz.com/profiles/7695/jan-berrie-burger
Burton van Rooi,Namibia,https://www.cricbuzz.com/profiles/7707/burton-van-rooi
Louis Burger,Namibia,https://www.cricbuzz.com/profiles/7698/louis-burger
Morne Karg,Namibia,https://www.cricbuzz.com/profiles/7700/morne-karg
Danie Keulder,Namibia,https://www.cricbuzz.com/profiles/7696/danie-keulder
Bjorn Kotze,Namibia,https://www.cricbuzz.com/profiles/7703/bjorn-kotze
Deon Kotze,Namibia,https://www.cricbuzz.com/profiles/7699/deon-kotze
Lennie Louw,Namibia,https://www.cricbuzz.com/profiles/7702/lennie-louw
Melt van Schoor,Namibia,https://www.cricbuzz.com/profiles/7704/melt-van-schoor
Rudi van Vuuren,Namibia,https://www.cricbuzz.com/profiles/7705/rudi-van-vuuren
Ali Bushahri,Kuwait,https://www.cricbuzz.com/profiles/10138/ali-bushahri
Alkandari Mohammad,Kuwait,https://www.cricbuzz.com/profiles/10141/alkandari-mohammad
Alnadi Faleh,Kuwait,https://www.cricbuzz.com/profiles/10142/alnadi-faleh
Bastaki Abdullah,Kuwait,https://www.cricbuzz.com/profiles/10145/bastaki-abdullah
Eissa Jassim,Kuwait,https://www.cricbuzz.com/profiles/10149/eissa-jassim
Salem Mishary,Kuwait,https://www.cricbuzz.com/profiles/10150/salem-mishary
Bastaki Mahmoud,Kuwait,https://www.cricbuzz.com/profiles/10147/bastaki-mahmoud
Abdulrahman Dashti,Kuwait,https://www.cricbuzz.com/profiles/10136/abdulrahman-dashti
Alkandari Abdulrahman,Kuwait,https://www.cricbuzz.com/profiles/10140/alkandari-abdulrahman
Alotaibi Mohammed,Kuwait,https://www.cricbuzz.com/profiles/10143/alotaibi-mohammed
Bastaki Fahad,Kuwait,https://www.cricbuzz.com/profiles/10146/bastaki-fahad
Ebrahim Aldhabyan,Kuwait,https://www.cricbuzz.com/profiles/10137/ebrahim-aldhabyan
Ali Zainal,Kuwait,https://www.cricbuzz.com/profiles/10139/ali-zainal
Beidas Tareq,Kuwait,https://www.cricbuzz.com/profiles/10148/beidas-tareq
Yousif Alzaid,Kuwait,https://www.cricbuzz.com/profiles/10151/yousif-alzaid
Mohammad Usman,United Arab Emirates,https://www.cricbuzz.com/profiles/10869/mohammad-usman
Shaiman Anwar,United Arab Emirates,https://www.cricbuzz.com/profiles/9837/shaiman-anwar
Chundangapoyil Rizwan,United Arab Emirates,https://www.cricbuzz.com/profiles/14554/chundangapoyil-rizwan
Chirag Suri,United Arab Emirates,https://www.cricbuzz.com/profiles/9829/chirag-suri
Ashfaq Ahmed,United Arab Emirates,https://www.cricbuzz.com/profiles/13278/ashfaq-ahmed
Mohammad Boota,United Arab Emirates,https://www.cricbuzz.com/profiles/13279/mohammad-boota
Fayyaz Ahmed,United Arab Emirates,https://www.cricbuzz.com/profiles/10038/fayyaz-ahmed
Rohan Mustafa,United Arab Emirates,https://www.cricbuzz.com/profiles/9835/rohan-mustafa
Ahmed Raza,United Arab Emirates,https://www.cricbuzz.com/profiles/9828/ahmed-raza
Mohammad Naveed,United Arab Emirates,https://www.cricbuzz.com/profiles/9832/mohammad-naveed
Ghulam Shabber,United Arab Emirates,https://www.cricbuzz.com/profiles/11817/ghulam-shabber
Imran Haider,United Arab Emirates,https://www.cricbuzz.com/profiles/10874/imran-haider
Qadeer Ahmed,United Arab Emirates,https://www.cricbuzz.com/profiles/10814/qadeer-ahmed
Sultan Ahmed,United Arab Emirates,https://www.cricbuzz.com/profiles/12746/sultan-ahmed
Amir Hayat,United Arab Emirates,https://www.cricbuzz.com/profiles/13269/amir-hayat
Zahoor Khan,United Arab Emirates,https://www.cricbuzz.com/profiles/12247/zahoor-khan
Alex Obanda,Kenya,https://www.cricbuzz.com/profiles/704/alex-obanda
Duncan Allan,Kenya,https://www.cricbuzz.com/profiles/8075/duncan-allan
Collins Obuya,Kenya,https://www.cricbuzz.com/profiles/550/collins-obuya
Seren Waters,Kenya,https://www.cricbuzz.com/profiles/1592/seren-waters
Ragheb Aga,Kenya,https://www.cricbuzz.com/profiles/188/ragheb-aga
Nelson Odhiambo,Kenya,https://www.cricbuzz.com/profiles/6478/nelson-odhiambo
Nehemiah Odhiambo,Kenya,https://www.cricbuzz.com/profiles/552/nehemiah-odhiambo
Emmanuel Bundi,Kenya,https://www.cricbuzz.com/profiles/9356/emmanuel-bundi
Irfan Karim,Kenya,https://www.cricbuzz.com/profiles/8077/irfan-karim
Morris Ouma,Kenya,https://www.cricbuzz.com/profiles/194/morris-ouma
Rakep Patel,Kenya,https://www.cricbuzz.com/profiles/1434/rakep-patel
Ibrahim Akello,Kenya,https://www.cricbuzz.com/profiles/8074/ibrahim-akello
Alfred Luseno,Kenya,https://www.cricbuzz.com/profiles/824/alfred-luseno
James Ngoche,Kenya,https://www.cricbuzz.com/profiles/7727/james-ngoche
Shem Ngoche,Kenya,https://www.cricbuzz.com/profiles/7708/shem-ngoche
Lucas Oluoch,Kenya,https://www.cricbuzz.com/profiles/8078/lucas-oluoch
Elijah Otieno,Kenya,https://www.cricbuzz.com/profiles/791/elijah-otieno
Hiren Varaiya,Kenya,https://www.cricbuzz.com/profiles/553/hiren-varaiya
Dominic Wesonga,Kenya,https://www.cricbuzz.com/profiles/7888/dominic-wesonga
Kyle Coetzer,Scotland,https://www.cricbuzz.com/profiles/1415/kyle-coetzer
Dylan Budge,Scotland,https://www.cricbuzz.com/profiles/13738/dylan-budge
Michael Jones,Scotland,https://www.cricbuzz.com/profiles/13527/michael-jones
George Munsey,Scotland,https://www.cricbuzz.com/profiles/10103/george-munsey
Richie Berrington,Scotland,https://www.cricbuzz.com/profiles/1398/richie-berrington
Calum MacLeod,Scotland,https://www.cricbuzz.com/profiles/1416/calum-macleod
Michael Leask,Scotland,https://www.cricbuzz.com/profiles/9383/michael-leask
Alasdair Evans,Scotland,https://www.cricbuzz.com/profiles/3053/alasdair-evans
Tom Sole,Scotland,https://www.cricbuzz.com/profiles/12771/tom-sole
Matthew Cross,Scotland,https://www.cricbuzz.com/profiles/9365/matthew-cross
Craig Wallace,Scotland,https://www.cricbuzz.com/profiles/8255/craig-wallace
Mark Watt,Scotland,https://www.cricbuzz.com/profiles/9928/mark-watt
Safyaan Sharif,Scotland,https://www.cricbuzz.com/profiles/7966/safyaan-sharif
Chris Sole,Scotland,https://www.cricbuzz.com/profiles/9925/chris-sole
Gavin Main,Scotland,https://www.cricbuzz.com/profiles/9922/gavin-main
Brad Wheal,Scotland,https://www.cricbuzz.com/profiles/10389/brad-wheal
Delyone Borden,Bermuda,https://www.cricbuzz.com/profiles/662/delyone-borden
James Celestine,Bermuda,https://www.cricbuzz.com/profiles/861/james-celestine
Fiqre Crockwell,Bermuda,https://www.cricbuzz.com/profiles/3373/fiqre-crockwell
Chris Foggo,Bermuda,https://www.cricbuzz.com/profiles/1755/chris-foggo
David Hemp,Bermuda,https://www.cricbuzz.com/profiles/664/david-hemp
Kyle Hodsoll,Bermuda,https://www.cricbuzz.com/profiles/863/kyle-hodsoll
Steven Outerbridge,Bermuda,https://www.cricbuzz.com/profiles/670/steven-outerbridge
Azeem Pitcher,Bermuda,https://www.cricbuzz.com/profiles/864/azeem-pitcher
Tamauri Tucker,Bermuda,https://www.cricbuzz.com/profiles/866/tamauri-tucker
Malachi Jones,Bermuda,https://www.cricbuzz.com/profiles/666/malachi-jones
Oliver Pitcher,Bermuda,https://www.cricbuzz.com/profiles/671/oliver-pitcher
Rodney Trott,Bermuda,https://www.cricbuzz.com/profiles/865/rodney-trott
Janeiro Tucker,Bermuda,https://www.cricbuzz.com/profiles/673/janeiro-tucker
Jekon Edness,Bermuda,https://www.cricbuzz.com/profiles/862/jekon-edness
Oronde Bascome,Bermuda,https://www.cricbuzz.com/profiles/1427/oronde-bascome
Chris Douglas,Bermuda,https://www.cricbuzz.com/profiles/1428/chris-douglas
Dennico Hollis,Bermuda,https://www.cricbuzz.com/profiles/1431/dennico-hollis
Kevin Hurdle,Bermuda,https://www.cricbuzz.com/profiles/665/kevin-hurdle
Stefan Kelly,Bermuda,https://www.cricbuzz.com/profiles/667/stefan-kelly
Chris Lonsdale,Bermuda,https://www.cricbuzz.com/profiles/1762/chris-lonsdale
George O Brien,Bermuda,https://www.cricbuzz.com/profiles/3343/george-o-brien
Jacobi Robinson,Bermuda,https://www.cricbuzz.com/profiles/1775/jacobi-robinson
McLaren Smith,Bermuda,https://www.cricbuzz.com/profiles/1779/mclaren-smith
Ryan Steede,Bermuda,https://www.cricbuzz.com/profiles/1430/ryan-steede
Glenn Blakeney,Bermuda,https://www.cricbuzz.com/profiles/3372/glenn-blakeney
Irving Romaine,Bermuda,https://www.cricbuzz.com/profiles/660/irving-romaine
